canonical_product_id,listing_id,model,common_name,store,listing_title,price,currency,url,confidence,confidence_reason,availability,seller,shipped_by,observed_at,last_seen_at
beyx-bx00-driger-slash-4-80p,amazon-b0cy4h1tjd,BX-00,Driger Slash 4-80P,amazon_jp,BEYBLADE X Beyblade X BX-00 Booster Dryger Slash 4-80P,2500,JPY,https://www.amazon.co.jp/dp/B0CY4H1TJD,medium,model_detected:BX-00; series_beyblade_x; brand_text:TAKARA TOMY; region_jp_amazon_brand_store; catalog_product_id:beyx-bx00-driger-slash-4-80p; amazon_third_party_offer:★お買い物わっしょい★３６５日迅速発送,in_stock,★お買い物わっしょい★３６５日迅速発送,Amazon.co.jp,2026-09-27T09:49:12Z,2026-09-27T09:49:12Z
beyx-bx02,amazon-b0c52c4l3t,BX-02,ヘルズサイズ4-60T,amazon_jp,Takara Tomy Beyblade X BX-02 Starter Hells Scythe 4-60T,4500,JPY,https://www.amazon.co.jp/dp/B0C52C4L3T,medium,model_detected:BX-02; series_beyblade_x; brand_text:TAKARA TOMY; region_jp_amazon_brand_store; catalog_product_id:beyx-bx02; amazon_third_party_offer:JHRstore,in_stock,JHRstore,Amazon.co.jp,2026-09-27T09:42:40Z,2026-09-27T09:42:40Z
beyx-bx03,momo-tp00083110006089-001,BX-03,Wizard Arrow 4-80B,momo,【Beyblade 戰鬥陀螺】TAKARA TOMY 爆旋陀螺X BX-03 起動套裝 巫師之箭4-80B 戰鬥陀螺 日本正版,1948,TWD,https://www.momoshop.com.tw/TP/TP0008311/goodsDetail/TP00083110006089,high,model_detected:BX-03; series_beyblade_x; brand_text:TAKARA TOMY; region_jp_text:日本正版; catalog_product_id:beyx-bx03,in_stock,東京選品,東京選品,2026-09-27T09:33:01Z,2026-09-27T09:33:01Z
beyx-bx04,amazon-b0c52s6snn,BX-04,Knight Shield 3-80N,amazon_jp,TAKARA TOMY BEYBLADE X Beyblade X BX-04 Starter Night Shield 3-80N,5547,JPY,https://www.amazon.co.jp/dp/B0C52S6SNN,medium,model_detected:BX-04; series_beyblade_x; brand_text:TAKARA TOMY; region_jp_amazon_brand_store; catalog_product_id:beyx-bx04; amazon_third_party_offer:Amazon US,in_stock,Amazon US,未提供,2026-09-27T09:49:52Z,2026-09-27T09:49:52Z
beyx-bx05,amazon-b0c52zrxbd,BX-05,Wizard Arrow 4-80B,amazon_jp,Takara Tomy BEYBLADE X Beyblade X BX-05 Booster Wizard Arrow 4-80B,3680,JPY,https://www.amazon.co.jp/dp/B0C52ZRXBD,medium,model_detected:BX-05; series_beyblade_x; brand_text:TAKARA TOMY; region_jp_amazon_brand_store; catalog_product_id:beyx-bx05; amazon_third_party_offer:ケイスマオンライン,in_stock,ケイスマオンライン,Amazon.co.jp,2026-09-27T09:47:51Z,2026-09-27T09:47:51Z
beyx-bx09,pchome-dsbe2t-a900k5jot,BX-09,BeyBattle Pass,pchome,TAKARATOMY BEYBLADE X 戰鬥陀螺X BX-09 通行證 陀螺,3980,TWD,https://24h.pchome.com.tw/prod/DSBE2T-A900K5JOT,high,model_detected:BX-09; series_beyblade_x; brand_text:TAKARA TOMY; region_jp_text:日版; catalog_product_id:beyx-bx09,in_stock,PChome 24h,PChome 24h,2026-09-27T09:34:04Z,2026-09-27T09:34:04Z
beyx-bx10,amazon-b0c52yjqbc,BX-10,Xtreme Stadium,amazon_jp,Takara Tomy BX-10 Beyblade X Extreme Stadium,2750,JPY,https://www.amazon.co.jp/dp/B0C52YJQBC,medium,model_detected:BX-10; series_beyblade_x; brand_text:TAKARA TOMY; region_jp_amazon_brand_store; catalog_product_id:beyx-bx10; amazon_third_party_offer:未提供,in_stock,未提供,未提供,2026-09-27T09:40:31Z,2026-09-27T09:40:31Z
beyx-bx11,pchome-dsbe2t-a900k5jpi,BX-11,ランチャーグリップ,pchome,TAKARATOMY BEYBLADE X 戰鬥陀螺X BX-11 發射器握把 不包含發射器 陀螺,990,TWD,https://24h.pchome.com.tw/prod/DSBE2T-A900K5JPI,high,model_detected:BX-11; series_beyblade_x; brand_text:TAKARA TOMY; region_jp_text:日版; catalog_product_id:beyx-bx11,in_stock,PChome 24h,PChome 24h,2026-09-27T09:33:47Z,2026-09-27T09:33:47Z
beyx-bx15,amazon-b0chr9sd9z,BX-15,Leon Claw 5-60P,amazon_jp,Takara Tomy Beyblade X BX-15 Starter LeonClaw 5-60P,4940,JPY,https://www.amazon.co.jp/dp/B0CHR9SD9Z,medium,model_detected:BX-15; series_beyblade_x; brand_text:TAKARA TOMY; region_jp_amazon_brand_store; catalog_product_id:beyx-bx15; amazon_third_party_offer:ケイスマオンライン,in_stock,ケイスマオンライン,Amazon.co.jp,2026-09-27T09:48:25Z,2026-09-27T09:48:25Z
beyx-bx16,amazon-b0chrb3tqh,BX-16,ランダムブースター ヴァイパーテイルセレクト,amazon_jp,Takara Tomy BEYBLADE X Beyblade X BX-16 Random Booster Vipertail Select Metal 6+,5585,JPY,https://www.amazon.co.jp/dp/B0CHRB3TQH,medium,model_detected:BX-16; series_beyblade_x; brand_text:TAKARA TOMY; region_jp_amazon_brand_store; catalog_product_id:beyx-bx16; amazon_third_party_offer:Amazon US,in_stock,Amazon US,未提供,2026-09-27T09:49:39Z,2026-09-27T09:49:39Z
beyx-bx19,amazon-b0ckqt37tb,BX-19,Rhino Horn 3-80S,amazon_jp,BEYBLADE X Beyblade X BX-19 Booster Rhino Horn 3-80S Metal,3930,JPY,https://www.amazon.co.jp/dp/B0CKQT37TB,medium,model_detected:BX-19; series_beyblade_x; brand_text:TAKARA TOMY; region_jp_amazon_brand_store; catalog_product_id:beyx-bx19; amazon_third_party_offer:ケイスマオンライン,in_stock,ケイスマオンライン,Amazon.co.jp,2026-09-27T09:48:31Z,2026-09-27T09:48:31Z
beyx-bx20,pchome-dsbe2t-a900k7sxu,BX-20,Dran Dagger Deck Set,pchome,Takara Tomy Beyblade 戰鬥陀螺 X 世代 BX-20 蒼龍利刃改造組 陀螺,2980,TWD,https://24h.pchome.com.tw/prod/DSBE2T-A900K7SXU,high,model_detected:BX-20; series_beyblade_x; brand_text:TAKARA TOMY; region_tw_text:台版; catalog_product_id:beyx-bx20,in_stock,PChome 24h,PChome 24h,2026-09-27T09:33:19Z,2026-09-27T09:33:19Z
beyx-bx21,amazon-b0ckqtc5s8,BX-21,ヘルズチェインデッキセット,amazon_jp,Takara Tomy Beyblade X BX-21 Hell's Chain Deck Set Metal,12000,JPY,https://www.amazon.co.jp/dp/B0CKQTC5S8,medium,model_detected:BX-21; series_beyblade_x; brand_text:TAKARA TOMY; region_jp_amazon_brand_store; catalog_product_id:beyx-bx21; amazon_third_party_offer:おもちゃのバンマック,in_stock,おもちゃのバンマック,Amazon.co.jp,2026-09-27T09:48:38Z,2026-09-27T09:48:38Z
beyx-bx23,pchome-dsbe2t-a900k5jpm,BX-23,Phoenix Wing 9-60GF Metal Coat: Red,pchome,TAKARATOMY BEYBLADE X 戰鬥陀螺X 世代 BX-23 鳳凰飛翼 陀螺,1690,TWD,https://24h.pchome.com.tw/prod/DSBE2T-A900K5JPM,high,model_detected:BX-23; series_beyblade_x; brand_text:TAKARA TOMY; region_jp_text:日版; catalog_product_id:beyx-bx23,in_stock,PChome 24h,PChome 24h,2026-09-27T09:33:40Z,2026-09-27T09:33:40Z
beyx-bx24,amazon-b0cmzrmkpg,BX-24,ランダムブースターVol.2,amazon_jp,BEYBLADE X Beyblade X BX-24 Random Booster Vol.2 Metal,5470,JPY,https://www.amazon.co.jp/dp/B0CMZRMKPG,medium,model_detected:BX-24; series_beyblade_x; brand_text:TAKARA TOMY; region_jp_amazon_brand_store; catalog_product_id:beyx-bx24; amazon_third_party_offer:【安心丁寧】コレクターズ オンラインストア,in_stock,【安心丁寧】コレクターズ オンラインストア,Amazon.co.jp,2026-09-27T09:47:30Z,2026-09-27T09:47:30Z
beyx-bx31,amazon-b0czx8zmgg,BX-31,ランダムブースターVol.3,amazon_jp,BEYBLADE X Beyblade X BX-31 Random Booster Vol. 3,4000,JPY,https://www.amazon.co.jp/dp/B0CZX8ZMGG,medium,model_detected:BX-31; series_beyblade_x; brand_text:TAKARA TOMY; region_jp_amazon_brand_store; catalog_product_id:beyx-bx31; amazon_third_party_offer:JHRstore,in_stock,JHRstore,Amazon.co.jp,2026-09-27T09:43:28Z,2026-09-27T09:43:28Z
beyx-bx32,amazon-b0d6n98dtb,BX-32,ワイドエクストリームスタジアム,amazon_jp,BEYBLADE X Beyblade X BX-32 Wide Extreme Stadium,5980,JPY,https://www.amazon.co.jp/dp/B0D6N98DTB,medium,model_detected:BX-32; series_beyblade_x; brand_text:TAKARA TOMY; region_jp_amazon_brand_store; catalog_product_id:beyx-bx32; amazon_third_party_offer:MIYAKO Select,in_stock,MIYAKO Select,Amazon.co.jp,2026-09-27T09:38:49Z,2026-09-27T09:38:49Z
beyx-bx33,momo-tp00083110006054-001,BX-33,Weiss Tiger 3-60U,momo,【Beyblade 戰鬥陀螺】TAKARA TOMY 爆旋陀螺X BX-33 助力器 維斯塔泰格3-60U 戰鬥陀螺 日本正版,1164,TWD,https://www.momoshop.com.tw/TP/TP0008311/goodsDetail/TP00083110006054,high,model_detected:BX-33; series_beyblade_x; brand_text:TAKARA TOMY; region_jp_text:日本正版; catalog_product_id:beyx-bx33,in_stock,東京選品,東京選品,2026-09-27T09:31:46Z,2026-09-27T09:31:46Z
beyx-bx35,amazon-b0d6ml5d1n,BX-35,Random Booster Vol. 4,amazon_jp,BEYBLADE X Beyblade X BX-35 Random Booster Vol. 4,6980,JPY,https://www.amazon.co.jp/dp/B0D6ML5D1N,medium,model_detected:BX-35; series_beyblade_x; brand_text:TAKARA TOMY; region_jp_amazon_brand_store; catalog_product_id:beyx-bx35; amazon_third_party_offer:ブリックオンライン,in_stock,ブリックオンライン,Amazon.co.jp,2026-09-27T09:43:07Z,2026-09-27T09:43:07Z
beyx-bx37,amazon-b0dgfz6wr2,BX-37,Double Xtreme Stadium Set,amazon_jp,BEYBLADE X Beyblade X BX-37 Double Extreme Stadium Set,14500,JPY,https://www.amazon.co.jp/dp/B0DGFZ6WR2,medium,model_detected:BX-37; series_beyblade_x; brand_text:TAKARA TOMY; region_jp_amazon_brand_store; catalog_product_id:beyx-bx37; amazon_third_party_offer:スマートストックトイズ,in_stock,スマートストックトイズ,Amazon.co.jp,2026-09-27T09:38:22Z,2026-09-27T09:38:22Z
beyx-bx38,amazon-b0djqq38tg,BX-38,クリムゾンガルーダ4-70TP,amazon_jp,Beyblade X Beyblade X BX-38 Booster Crimson Garuda 4-70TP,2300,JPY,https://www.amazon.co.jp/dp/B0DJQQ38TG,medium,model_detected:BX-38; series_beyblade_x; brand_text:TAKARA TOMY; region_jp_amazon_brand_store; catalog_product_id:beyx-bx38; amazon_third_party_offer:SHOP激安【シリアルナンバー、商品画像を保管しています】【適格請求書発行事業者】,in_stock,SHOP激安【シリアルナンバー、商品画像を保管しています】【適格請求書発行事業者】,Amazon.co.jp,2026-09-27T09:42:06Z,2026-09-27T09:42:06Z
beyx-bx40,amazon-b0dwsbhqwd,BX-40,Winder Launcher L,amazon_jp,BEYBLADE X Beyblade X BX-40 Winder Launcher L,760,JPY,https://www.amazon.co.jp/dp/B0DWSBHQWD,medium,model_detected:BX-40; series_beyblade_x; brand_text:TAKARA TOMY; region_jp_amazon_brand_store; catalog_product_id:beyx-bx40; amazon_third_party_offer:未提供,in_stock,未提供,未提供,2026-09-27T09:40:38Z,2026-09-27T09:40:38Z
beyx-bx41,pchome-dsbe2t-a900k5sn0,BX-41,ラバーカスタムグリップ ガンメタVer.,pchome,TAKARATOMY BEYBLADE X 戰鬥陀螺X 世代 BX-41握把 發射器改造型握把 黑/透紅,1190,TWD,https://24h.pchome.com.tw/prod/DSBE2T-A900K5SN0,high,model_detected:BX-41; series_beyblade_x; brand_text:TAKARA TOMY; region_jp_text:日版; catalog_product_id:beyx-bx41,in_stock,PChome 24h,PChome 24h,2026-09-27T09:34:59Z,2026-09-27T09:34:59Z
beyx-bx42,pchome-dsbe2t-a900k5jpt,BX-42,ラバーカスタムグリップ ブルーVer.,pchome,TAKARATOMY BEYBLADE X 戰鬥陀螺X 世代 BX-42 X 發射器改造型握把(藍/透明) 不包含發射 陀螺,1090,TWD,https://24h.pchome.com.tw/prod/DSBE2T-A900K5JPT,high,model_detected:BX-42; series_beyblade_x; brand_text:TAKARA TOMY; region_jp_text:日版; catalog_product_id:beyx-bx42,in_stock,PChome 24h,PChome 24h,2026-09-27T09:33:26Z,2026-09-27T09:33:26Z
beyx-bx44,amazon-b0f89y6xq1,BX-44,トリケラプレスM-85BS,amazon_jp,Takara Tomy Beyblade X BX-44 Booster Tricerapress M-85BS,2500,JPY,https://www.amazon.co.jp/dp/B0F89Y6XQ1,medium,model_detected:BX-44; series_beyblade_x; brand_text:TAKARA TOMY; region_jp_amazon_brand_store; catalog_product_id:beyx-bx44; amazon_third_party_offer:ケイスマオンライン,in_stock,ケイスマオンライン,Amazon.co.jp,2026-09-27T09:45:22Z,2026-09-27T09:45:22Z
beyx-bx45,amazon-b0fh4ff4nj,BX-45,サムライカリバー6-70M,amazon_jp,Takara Tomy BEYBLADE X Beyblade X BX-45 Booster Samurai Caliber 6-70M,3025,JPY,https://www.amazon.co.jp/dp/B0FH4FF4NJ,medium,model_detected:BX-45; series_beyblade_x; brand_text:TAKARA TOMY; region_jp_amazon_brand_store; catalog_product_id:beyx-bx45; amazon_third_party_offer:qualityspace(当日14時前入金済みの注文、当日から順次発送、休日除く),in_stock,qualityspace(当日14時前入金済みの注文、当日から順次発送、休日除く),Amazon.co.jp,2026-09-27T09:41:46Z,2026-09-27T09:41:46Z
beyx-bx46,amazon-b0fnm2mzdb,BX-46,バトルエントリーセット∞,amazon_jp,Takara Tomy Beyblade X BX-46 Battle Entry Set ∞,9500,JPY,https://www.amazon.co.jp/dp/B0FNM2MZDB,medium,model_detected:BX-46; series_beyblade_x; brand_text:TAKARA TOMY; region_jp_amazon_brand_store; catalog_product_id:beyx-bx46; amazon_third_party_offer:おもちゃのバンマック,in_stock,おもちゃのバンマック,Amazon.co.jp,2026-09-27T09:41:19Z,2026-09-27T09:41:19Z
beyx-bx49,amazon-b0gs4m7t5b,BX-49,Dran Strike 4-50FF,amazon_jp,Takara Tomy Beyblade X BX-49 Starter Drunstrike 4-50FF,3500,JPY,https://www.amazon.co.jp/dp/B0GS4M7T5B,medium,model_detected:BX-49; series_beyblade_x; brand_text:TAKARA TOMY; region_jp_amazon_brand_store; catalog_product_id:beyx-bx49; amazon_third_party_offer:Namicore,in_stock,Namicore,Amazon.co.jp,2026-09-27T09:38:09Z,2026-09-27T09:38:09Z
beyx-bx49,pchome-dsbe2t-a900k58ck,BX-49,Dran Strike 4-50FF,pchome,Takara Tomy Beyblade 戰鬥陀螺 X 世代 BX-49 蒼龍突擊 陀螺,1390,TWD,https://24h.pchome.com.tw/prod/DSBE2T-A900K58CK,high,model_detected:BX-49; series_beyblade_x; brand_text:TAKARA TOMY; region_jp_text:日版; catalog_product_id:beyx-bx49,in_stock,PChome 24h,PChome 24h,2026-09-27T09:33:54Z,2026-09-27T09:33:54Z
beyx-bx50,pchome-dsbe2t-a900k7sn7,BX-50,Random Booster Vol. 11,pchome,Takara Tomy Beyblade 戰鬥陀螺 X 世代 BX-50隨機強化包Vol.11 盲包 陀螺,990,TWD,https://24h.pchome.com.tw/prod/DSBE2T-A900K7SN7,high,model_detected:BX-50; series_beyblade_x; brand_text:TAKARA TOMY; region_jp_text:日版; catalog_product_id:beyx-bx50,in_stock,PChome 24h,PChome 24h,2026-09-27T09:33:29Z,2026-09-27T09:33:29Z
beyx-cx01,amazon-b0dws7ddk4,CX-01,Dran Brave S6-60V,amazon_jp,BEYBLADE X Beyblade X CX-01 Starter Dran Brave S6-60V,3390,JPY,https://www.amazon.co.jp/dp/B0DWS7DDK4,medium,model_detected:CX-01; series_beyblade_x; brand_text:TAKARA TOMY; region_jp_amazon_brand_store; catalog_product_id:beyx-cx01; amazon_third_party_offer:Cocolo Store,in_stock,Cocolo Store,Amazon.co.jp,2026-09-27T09:45:02Z,2026-09-27T09:45:02Z
beyx-cx02,amazon-b0dwsrhp7j,CX-02,Wizard Arc R4-55LO,amazon_jp,BEYBLADE X Beyblade X CX-02 Starter Wizard Arc R4-55LO,2800,JPY,https://www.amazon.co.jp/dp/B0DWSRHP7J,medium,model_detected:CX-02; series_beyblade_x; brand_text:TAKARA TOMY; region_jp_amazon_brand_store; catalog_product_id:beyx-cx02; amazon_third_party_offer:okura商店,in_stock,okura商店,Amazon.co.jp,2026-09-27T09:41:59Z,2026-09-27T09:41:59Z
beyx-cx02,pchome-dsbe2t-a900k5slt,CX-02,Wizard Arc R4-55LO,pchome,Takara Tomy Beyblade X 戰鬥陀螺 X 世代 CX-02 魔導至尊 陀螺,1490,TWD,https://24h.pchome.com.tw/prod/DSBE2T-A900K5SLT,high,model_detected:CX-02; series_beyblade_x; brand_text:TAKARA TOMY; region_jp_text:日版; catalog_product_id:beyx-cx02,in_stock,PChome 24h,PChome 24h,2026-09-27T09:34:45Z,2026-09-27T09:34:45Z
beyx-cx03,amazon-b001dr87ue,CX-03,Perseus Dark B6-80W,amazon_jp,BEYBLADE X Beyblade X CX-03 Booster Perseus Dark B6-80W,3190,JPY,https://www.amazon.co.jp/dp/B001DR87UE,medium,model_detected:CX-03; series_beyblade_x; brand_text:TAKARA TOMY; region_jp_amazon_brand_store; catalog_product_id:beyx-cx03; amazon_third_party_offer:Cocolo Store,in_stock,Cocolo Store,Amazon.co.jp,2026-09-27T09:45:16Z,2026-09-27T09:45:16Z
beyx-cx05,momo-tp00083110005820-00001,CX-05,Random Booster Vol. 6,momo,【Beyblade 戰鬥陀螺】TAKARA TOMY 爆旋陀螺X CX-05 隨機強化包 第6彈 戰鬥陀螺 日本正版,1399,TWD,https://www.momoshop.com.tw/TP/TP0008311/goodsDetail/TP00083110005820,high,model_detected:CX-05; series_beyblade_x; brand_text:TAKARA TOMY; region_jp_text:日本正版; catalog_product_id:beyx-cx05,in_stock,東京選品,東京選品,2026-09-27T09:31:29Z,2026-09-27T09:31:29Z
beyx-cx07,amazon-b0fclj67nk,CX-07,Pegasus Blast ATr,amazon_jp,Takara Tomy Beyblade X CX-07 Starter Pegasus Blast ATr,3880,JPY,https://www.amazon.co.jp/dp/B0FCLJ67NK,medium,model_detected:CX-07; series_beyblade_x; brand_text:TAKARA TOMY; region_jp_amazon_brand_store; catalog_product_id:beyx-cx07; amazon_third_party_offer:アブソリュート0,in_stock,アブソリュート0,Amazon.co.jp,2026-09-27T09:38:02Z,2026-09-27T09:38:02Z
beyx-cx07,pchome-dsbe2t-a900k5slw,CX-07,Pegasus Blast ATr,pchome,Takara Tomy Beyblade X 戰鬥陀螺 X 世代 CX-07 天馬爆擊 陀螺,1790,TWD,https://24h.pchome.com.tw/prod/DSBE2T-A900K5SLW,high,model_detected:CX-07; series_beyblade_x; brand_text:TAKARA TOMY; region_jp_text:日版; catalog_product_id:beyx-cx07,in_stock,PChome 24h,PChome 24h,2026-09-27T09:34:07Z,2026-09-27T09:34:07Z
beyx-cx08,amazon-b0fclzgnxc,CX-08,ランダムブースターVol.7,amazon_jp,Takara Tomy Beyblade X CX-08 Random Booster Vol. 7,3900,JPY,https://www.amazon.co.jp/dp/B0FCLZGNXC,medium,model_detected:CX-08; series_beyblade_x; brand_text:TAKARA TOMY; region_jp_amazon_brand_store; catalog_product_id:beyx-cx08; amazon_third_party_offer:ケイスマオンライン,in_stock,ケイスマオンライン,Amazon.co.jp,2026-09-27T09:42:33Z,2026-09-27T09:42:33Z
beyx-cx09,amazon-b0flcfnpf2,CX-09,Sol Eclipse D5-70TK,amazon_jp,Takara Tomy Beyblade X Beyblade X CX-09 Starter Sol Eclipse D5-70TK,4400,JPY,https://www.amazon.co.jp/dp/B0FLCFNPF2,medium,model_detected:CX-09; series_beyblade_x; brand_text:TAKARA TOMY; region_jp_amazon_brand_store; catalog_product_id:beyx-cx09; amazon_third_party_offer:Mag shop（古物商許可店）,in_stock,Mag shop（古物商許可店）,Amazon.co.jp,2026-09-27T09:44:35Z,2026-09-27T09:44:35Z
beyx-cx10,amazon-b0fv74j4h5,CX-10,Wolf Hunt F0-60DB,amazon_jp,Takara Tomy Beyblade X CX-10 Booster Wolf Hunt F0-60DB,2450,JPY,https://www.amazon.co.jp/dp/B0FV74J4H5,medium,model_detected:CX-10; series_beyblade_x; brand_text:TAKARA TOMY; region_jp_amazon_brand_store; catalog_product_id:beyx-cx10; amazon_third_party_offer:(株)インベンティブ,in_stock,(株)インベンティブ,Amazon.co.jp,2026-09-27T09:38:15Z,2026-09-27T09:38:15Z
beyx-cx12,amazon-b0gg8v3n79,CX-12,Phoenix Flare Z9-80WW,amazon_jp,Takara Tomy BEYBLADE X Beyblade X CX-12 Booster Phoenix Flare Z9-80WW,4100,JPY,https://www.amazon.co.jp/dp/B0GG8V3N79,medium,model_detected:CX-12; series_beyblade_x; brand_text:TAKARA TOMY; region_jp_amazon_brand_store; catalog_product_id:beyx-cx12; amazon_third_party_offer:NECOTTO STORE,in_stock,NECOTTO STORE,Amazon.co.jp,2026-09-27T09:42:54Z,2026-09-27T09:42:54Z
beyx-cx12,momo-tp00083110005817-00001,CX-12,Phoenix Flare Z9-80WW,momo,【Beyblade 戰鬥陀螺】TAKARA TOMY 爆旋陀螺X CX-12 增壓器 鳳凰烈焰Z9-80WW 戰鬥陀螺 日本正版,1079,TWD,https://www.momoshop.com.tw/TP/TP0008311/goodsDetail/TP00083110005817,high,model_detected:CX-12; series_beyblade_x; brand_text:TAKARA TOMY; region_jp_text:日本正版; catalog_product_id:beyx-cx12,in_stock,東京選品,東京選品,2026-09-27T09:31:20Z,2026-09-27T09:31:20Z
beyx-cx13,pchome-dsbe2t-a900k5slz,CX-13,Bahamut Blitz BK1-50I,pchome,TAKARATOMY BEYBLADE X 戰鬥陀螺X CX-13 龍王閃擊 陀螺,1390,TWD,https://24h.pchome.com.tw/prod/DSBE2T-A900K5SLZ,high,model_detected:CX-13; series_beyblade_x; brand_text:TAKARA TOMY; region_jp_text:日版; catalog_product_id:beyx-cx13,in_stock,PChome 24h,PChome 24h,2026-09-27T09:33:12Z,2026-09-27T09:33:12Z
beyx-cx14,pchome-dsbe2t-a900k5sm0,CX-14,ナイトフォートレスGV8-70UN,pchome,Takara Tomy Beyblade X 戰鬥陀螺 X 世代 CX-14 騎士堡壘 陀螺,1190,TWD,https://24h.pchome.com.tw/prod/DSBE2T-A900K5SM0,high,model_detected:CX-14; series_beyblade_x; brand_text:TAKARA TOMY; region_jp_text:日版; catalog_product_id:beyx-cx14,in_stock,PChome 24h,PChome 24h,2026-09-27T09:34:56Z,2026-09-27T09:34:56Z
beyx-cx17,amazon-b0gwkwbxh3,CX-17,Random Booster Vol. 10,amazon_jp,Takara Tomy Beyblade X CX-17 Random Booster Vol. 10,4000,JPY,https://www.amazon.co.jp/dp/B0GWKWBXH3,medium,model_detected:CX-17; series_beyblade_x; brand_text:TAKARA TOMY; region_jp_amazon_brand_store; catalog_product_id:beyx-cx17; amazon_third_party_offer:JHRstore,in_stock,JHRstore,Amazon.co.jp,2026-09-27T09:39:23Z,2026-09-27T09:39:23Z
beyx-cx17,momo-tp00083110005890-001,CX-17,Random Booster Vol. 10,momo,【Beyblade 戰鬥陀螺】爆旋陀螺X CX-17 隨機強化包 第10彈 對戰陀螺 盲盒 TAKARA TOMY 日本正版,699,TWD,https://www.momoshop.com.tw/TP/TP0008311/goodsDetail/TP00083110005890,high,model_detected:CX-17; series_beyblade_x; brand_text:TAKARA TOMY; region_jp_text:日本正版; catalog_product_id:beyx-cx17,in_stock,東京選品,東京選品,2026-09-27T09:31:07Z,2026-09-27T09:31:07Z
beyx-cx18,amazon-b0h1b5qdjk,CX-18,Random Booster Brachio Whip Select,amazon_jp,Takara Tomy BEYBLADE X Beyblade X CX-18 Random Booster Brachio Whip Select,4850,JPY,https://www.amazon.co.jp/dp/B0H1B5QDJK,medium,model_detected:CX-18; series_beyblade_x; brand_text:TAKARA TOMY; region_jp_amazon_brand_store; catalog_product_id:beyx-cx18; amazon_third_party_offer:tsukiakari select,in_stock,tsukiakari select,Amazon.co.jp,2026-09-27T09:39:16Z,2026-09-27T09:39:16Z
beyx-ux01,amazon-b0cv7hf3w6,UX-01,Dran Buster 1-60A,amazon_jp,BEYBLADE X Beyblade X UX-01 Starter Dranbaster 1-60A,3480,JPY,https://www.amazon.co.jp/dp/B0CV7HF3W6,medium,model_detected:UX-01; series_beyblade_x; brand_text:TAKARA TOMY; region_jp_amazon_brand_store; catalog_product_id:beyx-ux01; amazon_third_party_offer:シルバーキャット【インボイス対応、すり替え対策店】,in_stock,シルバーキャット【インボイス対応、すり替え対策店】,Amazon.co.jp,2026-09-27T09:36:00Z,2026-09-27T09:36:00Z
beyx-ux01,pchome-dsbe2t-a900k5sm3,UX-01,Dran Buster 1-60A,pchome,Takara Tomy Beyblade X 戰鬥陀螺 UX-01 蒼龍爆刃 陀螺,1790,TWD,https://24h.pchome.com.tw/prod/DSBE2T-A900K5SM3,high,model_detected:UX-01; series_beyblade_x; brand_text:TAKARA TOMY; region_jp_text:日版; catalog_product_id:beyx-ux01,in_stock,PChome 24h,PChome 24h,2026-09-27T09:33:43Z,2026-09-27T09:33:43Z
beyx-ux03,amazon-b0cv7d5b6k,UX-03,Wizard Rod 5-70DB,amazon_jp,BEYBLADE X Beyblade X UX-03 Booster Wizard Rod 5-70DB,4900,JPY,https://www.amazon.co.jp/dp/B0CV7D5B6K,medium,model_detected:UX-03; series_beyblade_x; brand_text:TAKARA TOMY; region_jp_amazon_brand_store; catalog_product_id:beyx-ux03; amazon_third_party_offer:tesseract（テッセラクト）,in_stock,tesseract（テッセラクト）,Amazon.co.jp,2026-09-27T09:36:20Z,2026-09-27T09:36:20Z
beyx-ux06,amazon-b0d91k2wms,UX-06,Leon Crest 7-60GN,amazon_jp,BEYBLADE X Beyblade X UX-06 Booster Leoncrest 7-60GN,3480,JPY,https://www.amazon.co.jp/dp/B0D91K2WMS,medium,model_detected:UX-06; series_beyblade_x; brand_text:TAKARA TOMY; region_jp_amazon_brand_store; catalog_product_id:beyx-ux06; amazon_third_party_offer:ブリックオンライン,in_stock,ブリックオンライン,Amazon.co.jp,2026-09-27T09:36:27Z,2026-09-27T09:36:27Z
beyx-ux08,amazon-b0dgfznd26,UX-08,Silver Wolf 3-80FB,amazon_jp,BEYBLADE X Beyblade X UX-08 Starter Silver Wolf 3-80FB,3700,JPY,https://www.amazon.co.jp/dp/B0DGFZND26,medium,model_detected:UX-08; series_beyblade_x; brand_text:TAKARA TOMY; region_jp_amazon_brand_store; catalog_product_id:beyx-ux08; amazon_third_party_offer:NECOTTO STORE,in_stock,NECOTTO STORE,Amazon.co.jp,2026-09-27T09:35:46Z,2026-09-27T09:35:46Z
beyx-ux09,amazon-b0djqqdfps,UX-09,Samurai Saber 2-70L,amazon_jp,BEYBLADE X Beyblade X UX-09 Starter Samurai Saber 2-70L,5500,JPY,https://www.amazon.co.jp/dp/B0DJQQDFPS,medium,model_detected:UX-09; series_beyblade_x; brand_text:TAKARA TOMY; region_jp_amazon_brand_store; catalog_product_id:beyx-ux09; amazon_third_party_offer:MONOオンラインストア,in_stock,MONOオンラインストア,Amazon.co.jp,2026-09-27T09:36:13Z,2026-09-27T09:36:13Z
beyx-ux11,pchome-dsbe2t-a900k5sm8,UX-11,Impact Drake 9-60LR,pchome,TAKARATOMY BEYBLADE X 戰鬥陀螺X 世代 UX-11 衝擊龍神豪華組 陀螺,1990,TWD,https://24h.pchome.com.tw/prod/DSBE2T-A900K5SM8,high,model_detected:UX-11; series_beyblade_x; brand_text:TAKARA TOMY; region_jp_text:日版; catalog_product_id:beyx-ux11,in_stock,PChome 24h,PChome 24h,2026-09-27T09:34:42Z,2026-09-27T09:34:42Z
beyx-ux14,amazon-b0f47g3qjt,UX-14,Scorpio Spear 0-70Z,amazon_jp,TAKARA TOMY BEYBLADE X Beyblade X UX-14 Starter Scorpio Spear 0-70Z,3980,JPY,https://www.amazon.co.jp/dp/B0F47G3QJT,medium,model_detected:UX-14; series_beyblade_x; brand_text:TAKARA TOMY; region_jp_amazon_brand_store; catalog_product_id:beyx-ux14; amazon_third_party_offer:Planrea公式,in_stock,Planrea公式,Amazon.co.jp,2026-09-27T09:37:48Z,2026-09-27T09:37:48Z
beyx-ux16,amazon-b07xbr36n3,UX-16,Random Booster Clock Mirage Select,amazon_jp,Takara Tomy BEYBLADE X Beyblade X UX-16 Random Booster Clock Mirage Select,7480,JPY,https://www.amazon.co.jp/dp/B07XBR36N3,medium,model_detected:UX-16; series_beyblade_x; brand_text:TAKARA TOMY; region_jp_amazon_brand_store; catalog_product_id:beyx-ux16; amazon_third_party_offer:The Hort,in_stock,The Hort,Amazon.co.jp,2026-09-27T09:43:01Z,2026-09-27T09:43:01Z
beyx-ux17,amazon-b0g1qzr681,UX-17,Meteor Dragoon 3-70J,amazon_jp,Takara Tomy BEYBLADE X Beyblade X UX-17 Starter Meteo Dragoon 3-70J,4380,JPY,https://www.amazon.co.jp/dp/B0G1QZR681,medium,model_detected:UX-17; series_beyblade_x; brand_text:TAKARA TOMY; region_jp_amazon_brand_store; catalog_product_id:beyx-ux17; amazon_third_party_offer:シルバーキャット【インボイス対応、すり替え対策店】,in_stock,シルバーキャット【インボイス対応、すり替え対策店】,Amazon.co.jp,2026-09-27T09:37:41Z,2026-09-27T09:37:41Z
beyx-ux18,amazon-b0g1r71g2f,UX-18,Random Booster Vol. 8,amazon_jp,Takara Tomy Beyblade X UX-18 Random Booster Vol. 8,5000,JPY,https://www.amazon.co.jp/dp/B0G1R71G2F,medium,model_detected:UX-18; series_beyblade_x; brand_text:TAKARA TOMY; region_jp_amazon_brand_store; catalog_product_id:beyx-ux18; amazon_third_party_offer:JHRstore,in_stock,JHRstore,Amazon.co.jp,2026-09-27T09:42:47Z,2026-09-27T09:42:47Z
beyx-ux18,momo-tp00083110005892-001,UX-18,Random Booster Vol. 8,momo,【Beyblade 戰鬥陀螺】爆旋陀螺X UX-18 隨機強化包 第8彈 對戰陀螺 盲盒 TAKARA TOMY 日本正版,1779,TWD,https://www.momoshop.com.tw/TP/TP0008311/goodsDetail/TP00083110005892,high,model_detected:UX-18; series_beyblade_x; brand_text:TAKARA TOMY; region_jp_text:日本正版; catalog_product_id:beyx-ux18,in_stock,東京選品,東京選品,2026-09-27T09:32:04Z,2026-09-27T09:32:04Z
beyx-ux19,momo-tp00043740009027,UX-19,Bullet Griffon H,momo,【Beyblade 戰鬥陀螺】Takara Tomy Beyblade X 戰鬥陀螺 UX-19 子彈獅鷲H 台灣代理版 可刷QR碼,1549,TWD,https://www.momoshop.com.tw/TP/TP0004374/goodsDetail/TP00043740009027,high,model_detected:UX-19; series_beyblade_x; brand_text:TAKARA TOMY; region_tw_text:台灣代理版; catalog_product_id:beyx-ux19,in_stock,玩具研究中心,玩具研究中心,2026-09-27T09:32:31Z,2026-09-27T09:32:31Z
beyx-ux19,pchome-dsbe2t-a900k5smy,UX-19,Bullet Griffon H,pchome,Takara Tomy Beyblade 戰鬥陀螺 X 世代 UX-19 子彈獅鷲 陀螺,1790,TWD,https://24h.pchome.com.tw/prod/DSBE2T-A900K5SMY,high,model_detected:UX-19; series_beyblade_x; brand_text:TAKARA TOMY; region_jp_text:日版; catalog_product_id:beyx-ux19,in_stock,PChome 24h,PChome 24h,2026-09-27T09:33:09Z,2026-09-27T09:33:09Z
beyx-ux20,amazon-b0h4ppv8mr,UX-20,Glory Valkyrie LF,amazon_jp,Takara Tomy Beyblade X UX-20 Starter Glory Walkure LF,4500,JPY,https://www.amazon.co.jp/dp/B0H4PPV8MR,medium,model_detected:UX-20; series_beyblade_x; brand_text:TAKARA TOMY; region_jp_amazon_brand_store; catalog_product_id:beyx-ux20; amazon_third_party_offer:FUCHI+,in_stock,FUCHI+,Amazon.co.jp,2026-09-27T09:37:20Z,2026-09-27T09:37:20Z
beyx-ux20,momo-tp00087520001118,UX-20,Glory Valkyrie LF,momo,【TAKARA TOMY】【玩模收藏】正版現貨 BEYBLADE X 戰鬥陀螺 UX-20 榮耀武神LF 右旋 女武神 台灣代理版可掃QR 台版,1250,TWD,https://www.momoshop.com.tw/TP/TP0008752/goodsDetail/TP00087520001118,high,model_detected:UX-20; series_beyblade_x; brand_text:TAKARA TOMY; region_tw_text:台版; catalog_product_id:beyx-ux20,in_stock,1+Hobby 玩模收藏,1+Hobby 玩模收藏,2026-09-27T09:30:58Z,2026-09-27T09:30:58Z
beyx-ux20,pchome-dsbe2t-a900k7sn6,UX-20,Glory Valkyrie LF,pchome,Takara Tomy Beyblade 戰鬥陀螺 X 世代 UX-20 榮耀女武神 陀螺,1980,TWD,https://24h.pchome.com.tw/prod/DSBE2T-A900K7SN6,high,model_detected:UX-20; series_beyblade_x; brand_text:TAKARA TOMY; region_jp_text:日版; catalog_product_id:beyx-ux20,in_stock,PChome 24h,PChome 24h,2026-09-27T09:35:25Z,2026-09-27T09:35:25Z
beyx-ux21,amazon-b0h861y9y3,UX-21,Hells Nether Deck Set,amazon_jp,Takara Tomy BEYBLADE X Beyblade X UX-21 Hell Nether Deck Set,4500,JPY,https://www.amazon.co.jp/dp/B0H861Y9Y3,medium,model_detected:UX-21; series_beyblade_x; brand_text:TAKARA TOMY; region_jp_amazon_brand_store; catalog_product_id:beyx-ux21; amazon_third_party_offer:未提供,in_stock,未提供,未提供,2026-09-27T09:39:37Z,2026-09-27T09:39:37Z
